"FeatureName","Year","Value","Energy.Type","Energy.Consuming.Sector"
"Aberdeen City",2015,1234.071,"Electricity","All"
"Aberdeen City",2015,33.629,"Coal","All"
"Aberdeen City",2015,2377.717,"Gas","All"
"Aberdeen City",2015,16.644,"Manufactured Fuels","All"
"Aberdeen City",2015,1430.167,"Petroleum Products","All"
"Aberdeen City",2015,77.415,"Bioenergy & Wastes","All"
"Aberdeen City",2016,2323.112,"Gas","All"
"Aberdeen City",2016,27.526,"Coal","All"
"Aberdeen City",2016,72.182,"Bioenergy & Wastes","All"
"Aberdeen City",2016,9.096,"Manufactured Fuels","All"
"Aberdeen City",2016,1436.544,"Petroleum Products","All"
"Aberdeen City",2016,1151.352,"Electricity","All"
"Aberdeen City",2017,1127.557,"Electricity","All"
"Aberdeen City",2017,97.017,"Bioenergy & Wastes","All"
"Aberdeen City",2017,2363.251,"Gas","All"
"Aberdeen City",2017,25.554,"Coal","All"
"Aberdeen City",2017,11.34,"Manufactured Fuels","All"
"Aberdeen City",2017,1468.104,"Petroleum Products","All"
"Aberdeen City",2018,2324.299,"Gas","All"
"Aberdeen City",2018,24.36,"Coal","All"
"Aberdeen City",2018,110.822,"Bioenergy & Wastes","All"
"Aberdeen City",2018,1121.694,"Electricity","All"
"Aberdeen City",2018,11.36,"Manufactured Fuels","All"
"Aberdeen City",2018,1470.49,"Petroleum Products","All"
"Aberdeen City",2019,2278.418,"Gas","All"
"Aberdeen City",2019,136.058,"Bioenergy & Wastes","All"
"Aberdeen City",2019,10.628,"Manufactured Fuels","All"
"Aberdeen City",2019,18.034,"Coal","All"
"Aberdeen City",2019,1584.183,"Petroleum Products","All"
"Aberdeen City",2019,1073.141,"Electricity","All"
"Aberdeen City",2020,147.599,"Bioenergy & Wastes","All"
"Aberdeen City",2020,2351.605,"Gas","All"
"Aberdeen City",2020,13.291,"Manufactured Fuels","All"
"Aberdeen City",2020,17.848,"Coal","All"
"Aberdeen City",2020,964.712,"Electricity","All"
"Aberdeen City",2020,1286.645,"Petroleum Products","All"
"Aberdeenshire",2015,116.104,"Bioenergy & Wastes","All"
"Aberdeenshire",2015,27.487,"Manufactured Fuels","All"
"Aberdeenshire",2015,1379.189,"Gas","All"
"Aberdeenshire",2015,1271.087,"Electricity","All"
"Aberdeenshire",2015,50.79,"Coal","All"
"Aberdeenshire",2015,3549.305,"Petroleum Products","All"
"Aberdeenshire",2016,1398.072,"Gas","All"
"Aberdeenshire",2016,3711.475,"Petroleum Products","All"
"Aberdeenshire",2016,46.489,"Coal","All"
"Aberdeenshire",2016,125.387,"Bioenergy & Wastes","All"
"Aberdeenshire",2016,1228.86,"Electricity","All"
"Aberdeenshire",2016,21.267,"Manufactured Fuels","All"
"Aberdeenshire",2017,1411.446,"Gas","All"
"Aberdeenshire",2017,3765.037,"Petroleum Products","All"
"Aberdeenshire",2017,137.447,"Bioenergy & Wastes","All"
"Aberdeenshire",2017,45.658,"Coal","All"
"Aberdeenshire",2017,23.382,"Manufactured Fuels","All"
"Aberdeenshire",2017,1248.935,"Electricity","All"
"Aberdeenshire",2018,23.845,"Manufactured Fuels","All"
"Aberdeenshire",2018,1217.029,"Electricity","All"
"Aberdeenshire",2018,43.254,"Coal","All"
"Aberdeenshire",2018,1419.351,"Gas","All"
"Aberdeenshire",2018,174.604,"Bioenergy & Wastes","All"
"Aberdeenshire",2018,3672.367,"Petroleum Products","All"
"Aberdeenshire",2019,1192.962,"Electricity","All"
"Aberdeenshire",2019,23.724,"Manufactured Fuels","All"
"Aberdeenshire",2019,209.69,"Bioenergy & Wastes","All"
"Aberdeenshire",2019,1420.033,"Gas","All"
"Aberdeenshire",2019,30.111,"Coal","All"
"Aberdeenshire",2019,3651.28,"Petroleum Products","All"
"Aberdeenshire",2020,215.201,"Bioenergy & Wastes","All"
"Aberdeenshire",2020,3171.179,"Petroleum Products","All"
"Aberdeenshire",2020,30.999,"Coal","All"
"Aberdeenshire",2020,25.41,"Manufactured Fuels","All"
"Aberdeenshire",2020,1473.513,"Gas","All"
"Aberdeenshire",2020,1198.448,"Electricity","All"
"Angus",2015,14.897,"Coal","All"
"Angus",2015,5.021,"Manufactured Fuels","All"
"Angus",2015,46.319,"Bioenergy & Wastes","All"
"Angus",2015,1252.289,"Petroleum Products","All"
"Angus",2015,922.761,"Gas","All"
"Angus",2015,541.506,"Electricity","All"
"Angus",2016,4.898,"Manufactured Fuels","All"
"Angus",2016,514.192,"Electricity","All"
"Angus",2016,893.631,"Gas","All"
"Angus",2016,1263.35,"Petroleum Products","All"
"Angus",2016,13.354,"Coal","All"
"Angus",2016,48.383,"Bioenergy & Wastes","All"
"Angus",2017,12.266,"Coal","All"
"Angus",2017,1289.989,"Petroleum Products","All"
"Angus",2017,520.237,"Electricity","All"
"Angus",2017,55.031,"Bioenergy & Wastes","All"
"Angus",2017,5.449,"Manufactured Fuels","All"
"Angus",2017,919.08,"Gas","All"
"Angus",2018,71.366,"Bioenergy & Wastes","All"
"Angus",2018,5.631,"Manufactured Fuels","All"
"Angus",2018,527.644,"Electricity","All"
"Angus",2018,1271.958,"Petroleum Products","All"
"Angus",2018,917.552,"Gas","All"
"Angus",2018,11.654,"Coal","All"
"Angus",2019,8.81,"Coal","All"
"Angus",2019,5.833,"Manufactured Fuels","All"
"Angus",2019,517.332,"Electricity","All"
"Angus",2019,82.814,"Bioenergy & Wastes","All"
"Angus",2019,881.257,"Gas","All"
"Angus",2019,1240.624,"Petroleum Products","All"
"Angus",2020,5.598,"Manufactured Fuels","All"
"Angus",2020,491.093,"Electricity","All"
"Angus",2020,1043.882,"Petroleum Products","All"
"Angus",2020,8.673,"Coal","All"
"Angus",2020,962.952,"Gas","All"
"Angus",2020,86.921,"Bioenergy & Wastes","All"
"Argyll and Bute",2015,1145.193,"Petroleum Products","All"
"Argyll and Bute",2015,451.315,"Gas","All"
"Argyll and Bute",2015,514.659,"Electricity","All"
"Argyll and Bute",2015,6.448,"Manufactured Fuels","All"
"Argyll and Bute",2015,58.9,"Bioenergy & Wastes","All"
"Argyll and Bute",2015,36.535,"Coal","All"
"Argyll and Bute",2016,452.073,"Gas","All"
"Argyll and Bute",2016,1157.117,"Petroleum Products","All"
"Argyll and Bute",2016,499.148,"Electricity","All"
"Argyll and Bute",2016,6.084,"Manufactured Fuels","All"
"Argyll and Bute",2016,61.398,"Bioenergy & Wastes","All"
"Argyll and Bute",2016,37.304,"Coal","All"
"Argyll and Bute",2017,6.724,"Manufactured Fuels","All"
"Argyll and Bute",2017,35.129,"Coal","All"
"Argyll and Bute",2017,465.108,"Gas","All"
"Argyll and Bute",2017,1180.712,"Petroleum Products","All"
"Argyll and Bute",2017,78.88,"Bioenergy & Wastes","All"
"Argyll and Bute",2017,511.574,"Electricity","All"
"Argyll and Bute",2018,6.921,"Manufactured Fuels","All"
"Argyll and Bute",2018,464.834,"Gas","All"
"Argyll and Bute",2018,505.983,"Electricity","All"
"Argyll and Bute",2018,102.503,"Bioenergy & Wastes","All"
"Argyll and Bute",2018,32.984,"Coal","All"
"Argyll and Bute",2018,1179.061,"Petroleum Products","All"
"Argyll and Bute",2019,21.526,"Coal","All"
"Argyll and Bute",2019,1118.377,"Petroleum Products","All"
"Argyll and Bute",2019,7.009,"Manufactured Fuels","All"
"Argyll and Bute",2019,109.916,"Bioenergy & Wastes","All"
"Argyll and Bute",2019,502.244,"Electricity","All"
"Argyll and Bute",2019,464.385,"Gas","All"
"Argyll and Bute",2020,971.611,"Petroleum Products","All"
"Argyll and Bute",2020,465.02,"Gas","All"
"Argyll and Bute",2020,125.777,"Bioenergy & Wastes","All"
"Argyll and Bute",2020,22.432,"Coal","All"
"Argyll and Bute",2020,480.22,"Electricity","All"
"Argyll and Bute",2020,6.833,"Manufactured Fuels","All"
"City of Edinburgh",2015,3028.826,"Petroleum Products","All"
"City of Edinburgh",2015,4578.979,"Gas","All"
"City of Edinburgh",2015,27.535,"Coal","All"
"City of Edinburgh",2015,2432.206,"Electricity","All"
"City of Edinburgh",2015,3.865,"Manufactured Fuels","All"
"City of Edinburgh",2015,104.493,"Bioenergy & Wastes","All"
"City of Edinburgh",2016,4550.348,"Gas","All"
"City of Edinburgh",2016,106.753,"Bioenergy & Wastes","All"
"City of Edinburgh",2016,3.696,"Manufactured Fuels","All"
"City of Edinburgh",2016,3064.674,"Petroleum Products","All"
"City of Edinburgh",2016,2323.985,"Electricity","All"
"City of Edinburgh",2016,23.056,"Coal","All"
"City of Edinburgh",2017,118.711,"Bioenergy & Wastes","All"
"City of Edinburgh",2017,4.097,"Manufactured Fuels","All"
"City of Edinburgh",2017,20.786,"Coal","All"
"City of Edinburgh",2017,4713.585,"Gas","All"
"City of Edinburgh",2017,3028.715,"Petroleum Products","All"
"City of Edinburgh",2017,2333.823,"Electricity","All"
"City of Edinburgh",2018,157.114,"Bioenergy & Wastes","All"
"City of Edinburgh",2018,4.213,"Manufactured Fuels","All"
"City of Edinburgh",2018,19.588,"Coal","All"
"City of Edinburgh",2018,4659.852,"Gas","All"
"City of Edinburgh",2018,2968.567,"Petroleum Products","All"
"City of Edinburgh",2018,2285.755,"Electricity","All"
"City of Edinburgh",2019,4602.524,"Gas","All"
"City of Edinburgh",2019,2268.726,"Electricity","All"
"City of Edinburgh",2019,2909.64,"Petroleum Products","All"
"City of Edinburgh",2019,14.348,"Coal","All"
"City of Edinburgh",2019,185.108,"Bioenergy & Wastes","All"
"City of Edinburgh",2019,4.274,"Manufactured Fuels","All"
"City of Edinburgh",2020,2031.651,"Electricity","All"
"City of Edinburgh",2020,190.418,"Bioenergy & Wastes","All"
"City of Edinburgh",2020,4677.436,"Gas","All"
"City of Edinburgh",2020,14.122,"Coal","All"
"City of Edinburgh",2020,2260.408,"Petroleum Products","All"
"City of Edinburgh",2020,4.151,"Manufactured Fuels","All"
"Clackmannanshire",2015,1041.855,"Gas","All"
"Clackmannanshire",2015,291.575,"Petroleum Products","All"
"Clackmannanshire",2015,1.164,"Coal","All"
"Clackmannanshire",2015,11.666,"Bioenergy & Wastes","All"
"Clackmannanshire",2015,3.818,"Manufactured Fuels","All"
"Clackmannanshire",2015,311.865,"Electricity","All"
"Clackmannanshire",2016,295.329,"Petroleum Products","All"
"Clackmannanshire",2016,2.315,"Manufactured Fuels","All"
"Clackmannanshire",2016,311.504,"Electricity","All"
"Clackmannanshire",2016,1.156,"Coal","All"
"Clackmannanshire",2016,1099.814,"Gas","All"
"Clackmannanshire",2016,12.371,"Bioenergy & Wastes","All"
"Clackmannanshire",2017,2.808,"Manufactured Fuels","All"
"Clackmannanshire",2017,308.395,"Electricity","All"
"Clackmannanshire",2017,12.558,"Bioenergy & Wastes","All"
"Clackmannanshire",2017,301.893,"Petroleum Products","All"
"Clackmannanshire",2017,1.134,"Coal","All"
"Clackmannanshire",2017,1123.549,"Gas","All"
"Clackmannanshire",2018,300.012,"Electricity","All"
"Clackmannanshire",2018,1134.666,"Gas","All"
"Clackmannanshire",2018,1.115,"Coal","All"
"Clackmannanshire",2018,302.092,"Petroleum Products","All"
"Clackmannanshire",2018,2.875,"Manufactured Fuels","All"
"Clackmannanshire",2018,15.884,"Bioenergy & Wastes","All"
"Clackmannanshire",2019,19.398,"Bioenergy & Wastes","All"
"Clackmannanshire",2019,2.728,"Manufactured Fuels","All"
"Clackmannanshire",2019,298.765,"Electricity","All"
"Clackmannanshire",2019,1114.969,"Gas","All"
"Clackmannanshire",2019,299.613,"Petroleum Products","All"
"Clackmannanshire",2019,1.045,"Coal","All"
"Clackmannanshire",2020,243.695,"Petroleum Products","All"
"Clackmannanshire",2020,296.505,"Electricity","All"
"Clackmannanshire",2020,1130,"Gas","All"
"Clackmannanshire",2020,3.166,"Manufactured Fuels","All"
"Clackmannanshire",2020,18.802,"Bioenergy & Wastes","All"
"Clackmannanshire",2020,0.998,"Coal","All"
"Dumfries and Galloway",2015,1124.248,"Gas","All"
"Dumfries and Galloway",2015,71.472,"Coal","All"
"Dumfries and Galloway",2015,30.184,"Manufactured Fuels","All"
"Dumfries and Galloway",2015,904.78,"Electricity","All"
"Dumfries and Galloway",2015,2916.638,"Petroleum Products","All"
"Dumfries and Galloway",2015,114.23,"Bioenergy & Wastes","All"
"Dumfries and Galloway",2016,869.409,"Electricity","All"
"Dumfries and Galloway",2016,119.651,"Bioenergy & Wastes","All"
"Dumfries and Galloway",2016,3004.757,"Petroleum Products","All"
"Dumfries and Galloway",2016,48.463,"Coal","All"
"Dumfries and Galloway",2016,1192.655,"Gas","All"
"Dumfries and Galloway",2016,17.984,"Manufactured Fuels","All"
"Dumfries and Galloway",2017,19.692,"Manufactured Fuels","All"
"Dumfries and Galloway",2017,43.734,"Coal","All"
"Dumfries and Galloway",2017,875.181,"Electricity","All"
"Dumfries and Galloway",2017,3088.237,"Petroleum Products","All"
"Dumfries and Galloway",2017,1207.458,"Gas","All"
"Dumfries and Galloway",2017,146.73,"Bioenergy & Wastes","All"
"Dumfries and Galloway",2018,20.213,"Manufactured Fuels","All"
"Dumfries and Galloway",2018,41.448,"Coal","All"
"Dumfries and Galloway",2018,195.134,"Bioenergy & Wastes","All"
"Dumfries and Galloway",2018,1188.441,"Gas","All"
"Dumfries and Galloway",2018,849.401,"Electricity","All"
"Dumfries and Galloway",2018,3018.986,"Petroleum Products","All"
"Dumfries and Galloway",2019,19.2,"Manufactured Fuels","All"
"Dumfries and Galloway",2019,1161.469,"Gas","All"
"Dumfries and Galloway",2019,30.937,"Coal","All"
"Dumfries and Galloway",2019,821.147,"Electricity","All"
"Dumfries and Galloway",2019,2972.436,"Petroleum Products","All"
"Dumfries and Galloway",2019,222.979,"Bioenergy & Wastes","All"
"Dumfries and Galloway",2020,246.491,"Bioenergy & Wastes","All"
"Dumfries and Galloway",2020,23.173,"Manufactured Fuels","All"
"Dumfries and Galloway",2020,1191.305,"Gas","All"
"Dumfries and Galloway",2020,30.486,"Coal","All"
"Dumfries and Galloway",2020,2519.965,"Petroleum Products","All"
"Dumfries and Galloway",2020,806.587,"Electricity","All"
"Dundee City",2015,22.251,"Bioenergy & Wastes","All"
"Dundee City",2015,1409.321,"Gas","All"
"Dundee City",2015,0.681,"Manufactured Fuels","All"
"Dundee City",2015,814.083,"Petroleum Products","All"
"Dundee City",2015,713.933,"Electricity","All"
"Dundee City",2015,0.18,"Coal","All"
"Dundee City",2016,0.193,"Coal","All"
"Dundee City",2016,0.658,"Manufactured Fuels","All"
"Dundee City",2016,1409.992,"Gas","All"
"Dundee City",2016,676.996,"Electricity","All"
"Dundee City",2016,811.047,"Petroleum Products","All"
"Dundee City",2016,22.465,"Bioenergy & Wastes","All"
"Dundee City",2017,649.891,"Electricity","All"
"Dundee City",2017,22.394,"Bioenergy & Wastes","All"
"Dundee City",2017,819.905,"Petroleum Products","All"
"Dundee City",2017,0.751,"Manufactured Fuels","All"
"Dundee City",2017,1445.633,"Gas","All"
"Dundee City",2017,0.171,"Coal","All"
"Dundee City",2018,0.786,"Manufactured Fuels","All"
"Dundee City",2018,817.066,"Petroleum Products","All"
"Dundee City",2018,633.263,"Electricity","All"
"Dundee City",2018,0.168,"Coal","All"
"Dundee City",2018,1425.532,"Gas","All"
"Dundee City",2018,29.389,"Bioenergy & Wastes","All"
"Dundee City",2019,800.261,"Petroleum Products","All"
"Dundee City",2019,612.727,"Electricity","All"
"Dundee City",2019,0.862,"Manufactured Fuels","All"
"Dundee City",2019,1353.987,"Gas","All"
"Dundee City",2019,0.157,"Coal","All"
"Dundee City",2019,37.003,"Bioenergy & Wastes","All"
"Dundee City",2020,1700.081,"Gas","All"
"Dundee City",2020,565.028,"Electricity","All"
"Dundee City",2020,0.821,"Manufactured Fuels","All"
"Dundee City",2020,653.076,"Petroleum Products","All"
"Dundee City",2020,35.579,"Bioenergy & Wastes","All"
"Dundee City",2020,0.159,"Coal","All"
"East Ayrshire",2015,460.266,"Electricity","All"
"East Ayrshire",2015,80.287,"Coal","All"
"East Ayrshire",2015,320.76,"Bioenergy & Wastes","All"
"East Ayrshire",2015,1031.401,"Gas","All"
"East Ayrshire",2015,5.658,"Manufactured Fuels","All"
"East Ayrshire",2015,1077.642,"Petroleum Products","All"
"East Ayrshire",2016,433.17,"Electricity","All"
"East Ayrshire",2016,66.211,"Coal","All"
"East Ayrshire",2016,5.523,"Manufactured Fuels","All"
"East Ayrshire",2016,1082.455,"Petroleum Products","All"
"East Ayrshire",2016,1036.84,"Gas","All"
"East Ayrshire",2016,195.832,"Bioenergy & Wastes","All"
"East Ayrshire",2017,6.134,"Manufactured Fuels","All"
"East Ayrshire",2017,1112.434,"Petroleum Products","All"
"East Ayrshire",2017,58.813,"Coal","All"
"East Ayrshire",2017,1065.842,"Gas","All"
"East Ayrshire",2017,267.85,"Bioenergy & Wastes","All"
"East Ayrshire",2017,435.248,"Electricity","All"
"East Ayrshire",2018,315.246,"Bioenergy & Wastes","All"
"East Ayrshire",2018,424.158,"Electricity","All"
"East Ayrshire",2018,6.335,"Manufactured Fuels","All"
"East Ayrshire",2018,55.141,"Coal","All"
"East Ayrshire",2018,1055.234,"Gas","All"
"East Ayrshire",2018,1113.124,"Petroleum Products","All"
"East Ayrshire",2019,416.739,"Electricity","All"
"East Ayrshire",2019,328.059,"Bioenergy & Wastes","All"
"East Ayrshire",2019,1122.027,"Petroleum Products","All"
"East Ayrshire",2019,39.095,"Coal","All"
"East Ayrshire",2019,1028.613,"Gas","All"
"East Ayrshire",2019,6.539,"Manufactured Fuels","All"
"East Ayrshire",2020,1079.673,"Gas","All"
"East Ayrshire",2020,338.678,"Bioenergy & Wastes","All"
"East Ayrshire",2020,38.627,"Coal","All"
"East Ayrshire",2020,394.22,"Electricity","All"
"East Ayrshire",2020,912.147,"Petroleum Products","All"
"East Ayrshire",2020,6.278,"Manufactured Fuels","All"
"East Dunbartonshire",2015,17.538,"Bioenergy & Wastes","All"
"East Dunbartonshire",2015,1.942,"Manufactured Fuels","All"
"East Dunbartonshire",2015,889.085,"Gas","All"
"East Dunbartonshire",2015,360.717,"Electricity","All"
"East Dunbartonshire",2015,507.361,"Petroleum Products","All"
"East Dunbartonshire",2015,1.391,"Coal","All"
"East Dunbartonshire",2016,1.849,"Manufactured Fuels","All"
"East Dunbartonshire",2016,509.247,"Petroleum Products","All"
"East Dunbartonshire",2016,897.577,"Gas","All"
"East Dunbartonshire",2016,346.304,"Electricity","All"
"East Dunbartonshire",2016,18.274,"Bioenergy & Wastes","All"
"East Dunbartonshire",2016,3.225,"Coal","All"
"East Dunbartonshire",2017,18.451,"Bioenergy & Wastes","All"
"East Dunbartonshire",2017,515.75,"Petroleum Products","All"
"East Dunbartonshire",2017,345.149,"Electricity","All"
"East Dunbartonshire",2017,3.468,"Coal","All"
"East Dunbartonshire",2017,2.058,"Manufactured Fuels","All"
"East Dunbartonshire",2017,927.451,"Gas","All"
"East Dunbartonshire",2018,2.128,"Manufactured Fuels","All"
"East Dunbartonshire",2018,3.197,"Coal","All"
"East Dunbartonshire",2018,516.002,"Petroleum Products","All"
"East Dunbartonshire",2018,917.681,"Gas","All"
"East Dunbartonshire",2018,337.438,"Electricity","All"
"East Dunbartonshire",2018,23.48,"Bioenergy & Wastes","All"
"East Dunbartonshire",2019,915.26,"Gas","All"
"East Dunbartonshire",2019,508.291,"Petroleum Products","All"
"East Dunbartonshire",2019,330.003,"Electricity","All"
"East Dunbartonshire",2019,2.219,"Manufactured Fuels","All"
"East Dunbartonshire",2019,28.892,"Bioenergy & Wastes","All"
"East Dunbartonshire",2019,1.67,"Coal","All"
"East Dunbartonshire",2020,2.148,"Manufactured Fuels","All"
"East Dunbartonshire",2020,1.992,"Coal","All"
"East Dunbartonshire",2020,936.32,"Gas","All"
"East Dunbartonshire",2020,421.956,"Petroleum Products","All"
"East Dunbartonshire",2020,323.629,"Electricity","All"
"East Dunbartonshire",2020,28.211,"Bioenergy & Wastes","All"
"East Lothian",2015,433.052,"Coal","All"
"East Lothian",2015,727.394,"Gas","All"
"East Lothian",2015,182.76,"Bioenergy & Wastes","All"
"East Lothian",2015,468.363,"Electricity","All"
"East Lothian",2015,884.736,"Petroleum Products","All"
"East Lothian",2015,6.205,"Manufactured Fuels","All"
"East Lothian",2016,903.805,"Petroleum Products","All"
"East Lothian",2016,4.864,"Manufactured Fuels","All"
"East Lothian",2016,83.422,"Bioenergy & Wastes","All"
"East Lothian",2016,740.855,"Gas","All"
"East Lothian",2016,576.633,"Coal","All"
"East Lothian",2016,462.046,"Electricity","All"
"East Lothian",2017,486.305,"Electricity","All"
"East Lothian",2017,965.57,"Petroleum Products","All"
"East Lothian",2017,770.827,"Gas","All"
"East Lothian",2017,169.79,"Bioenergy & Wastes","All"
"East Lothian",2017,580.396,"Coal","All"
"East Lothian",2017,5.516,"Manufactured Fuels","All"
"East Lothian",2018,5.681,"Manufactured Fuels","All"
"East Lothian",2018,976.734,"Petroleum Products","All"
"East Lothian",2018,503.185,"Coal","All"
"East Lothian",2018,767.889,"Gas","All"
"East Lothian",2018,289.331,"Bioenergy & Wastes","All"
"East Lothian",2018,478.806,"Electricity","All"
"East Lothian",2019,466.791,"Electricity","All"
"East Lothian",2019,813.001,"Gas","All"
"East Lothian",2019,294.25,"Bioenergy & Wastes","All"
"East Lothian",2019,500.605,"Coal","All"
"East Lothian",2019,5.682,"Manufactured Fuels","All"
"East Lothian",2019,950.16,"Petroleum Products","All"
"East Lothian",2020,454.057,"Electricity","All"
"East Lothian",2020,325.701,"Coal","All"
"East Lothian",2020,773.129,"Petroleum Products","All"
"East Lothian",2020,839.84,"Gas","All"
"East Lothian",2020,292.498,"Bioenergy & Wastes","All"
"East Lothian",2020,5.926,"Manufactured Fuels","All"
"East Renfrewshire",2015,1.905,"Manufactured Fuels","All"
"East Renfrewshire",2015,247.207,"Electricity","All"
"East Renfrewshire",2015,22.264,"Bioenergy & Wastes","All"
"East Renfrewshire",2015,625.171,"Petroleum Products","All"
"East Renfrewshire",2015,0.866,"Coal","All"
"East Renfrewshire",2015,737.86,"Gas","All"
"East Renfrewshire",2016,635.379,"Petroleum Products","All"
"East Renfrewshire",2016,746.451,"Gas","All"
"East Renfrewshire",2016,23.307,"Bioenergy & Wastes","All"
"East Renfrewshire",2016,1.847,"Manufactured Fuels","All"
"East Renfrewshire",2016,236.822,"Electricity","All"
"East Renfrewshire",2016,0.859,"Coal","All"
"East Renfrewshire",2017,632.451,"Petroleum Products","All"
"East Renfrewshire",2017,0.847,"Coal","All"
"East Renfrewshire",2017,235.669,"Electricity","All"
"East Renfrewshire",2017,23.237,"Bioenergy & Wastes","All"
"East Renfrewshire",2017,2.087,"Manufactured Fuels","All"
"East Renfrewshire",2017,758.067,"Gas","All"
"East Renfrewshire",2018,630.94,"Petroleum Products","All"
"East Renfrewshire",2018,0.829,"Coal","All"
"East Renfrewshire",2018,767.748,"Gas","All"
"East Renfrewshire",2018,225.717,"Electricity","All"
"East Renfrewshire",2018,2.174,"Manufactured Fuels","All"
"East Renfrewshire",2018,30.118,"Bioenergy & Wastes","All"
"East Renfrewshire",2019,769.989,"Gas","All"
"East Renfrewshire",2019,37.21,"Bioenergy & Wastes","All"
"East Renfrewshire",2019,0.779,"Coal","All"
"East Renfrewshire",2019,620.316,"Petroleum Products","All"
"East Renfrewshire",2019,223.196,"Electricity","All"
"East Renfrewshire",2019,2.334,"Manufactured Fuels","All"
"East Renfrewshire",2020,35.96,"Bioenergy & Wastes","All"
"East Renfrewshire",2020,2.229,"Manufactured Fuels","All"
"East Renfrewshire",2020,0.742,"Coal","All"
"East Renfrewshire",2020,788.622,"Gas","All"
"East Renfrewshire",2020,499.469,"Petroleum Products","All"
"East Renfrewshire",2020,223.629,"Electricity","All"
"Falkirk",2015,1348.307,"Gas","All"
"Falkirk",2015,2.68,"Coal","All"
"Falkirk",2015,13761.496,"Petroleum Products","All"
"Falkirk",2015,730.313,"Electricity","All"
"Falkirk",2015,669.339,"Manufactured Fuels","All"
"Falkirk",2015,43.303,"Bioenergy & Wastes","All"
"Falkirk",2016,707.139,"Electricity","All"
"Falkirk",2016,682.893,"Manufactured Fuels","All"
"Falkirk",2016,14752.047,"Petroleum Products","All"
"Falkirk",2016,45.189,"Bioenergy & Wastes","All"
"Falkirk",2016,1360.256,"Gas","All"
"Falkirk",2016,2.718,"Coal","All"
"Falkirk",2017,629.469,"Manufactured Fuels","All"
"Falkirk",2017,1373.258,"Gas","All"
"Falkirk",2017,15283.293,"Petroleum Products","All"
"Falkirk",2017,45.228,"Bioenergy & Wastes","All"
"Falkirk",2017,705.867,"Electricity","All"
"Falkirk",2017,2.636,"Coal","All"
"Falkirk",2018,2.597,"Coal","All"
"Falkirk",2018,60.151,"Bioenergy & Wastes","All"
"Falkirk",2018,683.387,"Electricity","All"
"Falkirk",2018,1373.353,"Gas","All"
"Falkirk",2018,15226.518,"Petroleum Products","All"
"Falkirk",2018,744.133,"Manufactured Fuels","All"
"Falkirk",2019,76.48,"Bioenergy & Wastes","All"
"Falkirk",2019,13612.237,"Petroleum Products","All"
"Falkirk",2019,1275.376,"Gas","All"
"Falkirk",2019,574.462,"Manufactured Fuels","All"
"Falkirk",2019,2.46,"Coal","All"
"Falkirk",2019,668.338,"Electricity","All"
"Falkirk",2020,1327.393,"Gas","All"
"Falkirk",2020,35.112,"Manufactured Fuels","All"
"Falkirk",2020,72.716,"Bioenergy & Wastes","All"
"Falkirk",2020,13299.174,"Petroleum Products","All"
"Falkirk",2020,2.317,"Coal","All"
"Falkirk",2020,628.864,"Electricity","All"
"Fife",2015,297.7,"Bioenergy & Wastes","All"
"Fife",2015,13.617,"Coal","All"
"Fife",2015,1630.403,"Electricity","All"
"Fife",2015,6774.937,"Petroleum Products","All"
"Fife",2015,3379.04,"Gas","All"
"Fife",2015,36.145,"Manufactured Fuels","All"
"Fife",2016,1571.237,"Electricity","All"
"Fife",2016,278.162,"Bioenergy & Wastes","All"
"Fife",2016,14.282,"Coal","All"
"Fife",2016,3378.961,"Gas","All"
"Fife",2016,21.292,"Manufactured Fuels","All"
"Fife",2016,7129.495,"Petroleum Products","All"
"Fife",2017,26.139,"Manufactured Fuels","All"
"Fife",2017,3476.165,"Gas","All"
"Fife",2017,8372.587,"Petroleum Products","All"
"Fife",2017,13.598,"Coal","All"
"Fife",2017,1561.918,"Electricity","All"
"Fife",2017,195.77,"Bioenergy & Wastes","All"
"Fife",2018,192.186,"Bioenergy & Wastes","All"
"Fife",2018,1510.249,"Electricity","All"
"Fife",2018,13.142,"Coal","All"
"Fife",2018,6943.794,"Petroleum Products","All"
"Fife",2018,3414.21,"Gas","All"
"Fife",2018,26.261,"Manufactured Fuels","All"
"Fife",2019,3273.248,"Gas","All"
"Fife",2019,24.638,"Manufactured Fuels","All"
"Fife",2019,10.35,"Coal","All"
"Fife",2019,6533.589,"Petroleum Products","All"
"Fife",2019,1474.86,"Electricity","All"
"Fife",2019,227.489,"Bioenergy & Wastes","All"
"Fife",2020,170.671,"Bioenergy & Wastes","All"
"Fife",2020,1442.939,"Electricity","All"
"Fife",2020,6800.05,"Petroleum Products","All"
"Fife",2020,10.307,"Coal","All"
"Fife",2020,3450.123,"Gas","All"
"Fife",2020,29.694,"Manufactured Fuels","All"
"Glasgow City",2015,5204.432,"Gas","All"
"Glasgow City",2015,3410.752,"Petroleum Products","All"
"Glasgow City",2015,89.177,"Bioenergy & Wastes","All"
"Glasgow City",2015,1.146,"Coal","All"
"Glasgow City",2015,3.961,"Manufactured Fuels","All"
"Glasgow City",2015,3008.719,"Electricity","All"
"Glasgow City",2016,3428.281,"Petroleum Products","All"
"Glasgow City",2016,1.137,"Coal","All"
"Glasgow City",2016,2.757,"Manufactured Fuels","All"
"Glasgow City",2016,2792.481,"Electricity","All"
"Glasgow City",2016,91.107,"Bioenergy & Wastes","All"
"Glasgow City",2016,5035.525,"Gas","All"
"Glasgow City",2017,3461.336,"Petroleum Products","All"
"Glasgow City",2017,5145.129,"Gas","All"
"Glasgow City",2017,1.111,"Coal","All"
"Glasgow City",2017,3.278,"Manufactured Fuels","All"
"Glasgow City",2017,2813.237,"Electricity","All"
"Glasgow City",2017,90.114,"Bioenergy & Wastes","All"
"Glasgow City",2018,2738.381,"Electricity","All"
"Glasgow City",2018,121.641,"Bioenergy & Wastes","All"
"Glasgow City",2018,3439.363,"Petroleum Products","All"
"Glasgow City",2018,1.087,"Coal","All"
"Glasgow City",2018,3.348,"Manufactured Fuels","All"
"Glasgow City",2018,5160.076,"Gas","All"
"Glasgow City",2019,157.097,"Bioenergy & Wastes","All"
"Glasgow City",2019,3.316,"Manufactured Fuels","All"
"Glasgow City",2019,1.021,"Coal","All"
"Glasgow City",2019,2657.998,"Electricity","All"
"Glasgow City",2019,5194.083,"Gas","All"
"Glasgow City",2019,3323.886,"Petroleum Products","All"
"Glasgow City",2020,148.261,"Bioenergy & Wastes","All"
"Glasgow City",2020,5257.396,"Gas","All"
"Glasgow City",2020,2655.339,"Petroleum Products","All"
"Glasgow City",2020,3.641,"Manufactured Fuels","All"
"Glasgow City",2020,2437.692,"Electricity","All"
"Glasgow City",2020,0.971,"Coal","All"
"Highland",2015,3445.401,"Petroleum Products","All"
"Highland",2015,1587.519,"Electricity","All"
"Highland",2015,1065.33,"Bioenergy & Wastes","All"
"Highland",2015,1232.198,"Gas","All"
"Highland",2015,80.961,"Coal","All"
"Highland",2015,18.215,"Manufactured Fuels","All"
"Highland",2016,78.809,"Coal","All"
"Highland",2016,17.382,"Manufactured Fuels","All"
"Highland",2016,1556.094,"Electricity","All"
"Highland",2016,1161.374,"Gas","All"
"Highland",2016,1096.467,"Bioenergy & Wastes","All"
"Highland",2016,3485.85,"Petroleum Products","All"
"Highland",2017,75.617,"Coal","All"
"Highland",2017,1160.549,"Bioenergy & Wastes","All"
"Highland",2017,1583.01,"Electricity","All"
"Highland",2017,19.19,"Manufactured Fuels","All"
"Highland",2017,3554.526,"Petroleum Products","All"
"Highland",2017,1163.214,"Gas","All"
"Highland",2018,1179.983,"Bioenergy & Wastes","All"
"Highland",2018,3576.608,"Petroleum Products","All"
"Highland",2018,1113.963,"Gas","All"
"Highland",2018,72.146,"Coal","All"
"Highland",2018,1559.153,"Electricity","All"
"Highland",2018,19.762,"Manufactured Fuels","All"
"Highland",2019,1133.137,"Gas","All"
"Highland",2019,1139.387,"Bioenergy & Wastes","All"
"Highland",2019,54.898,"Coal","All"
"Highland",2019,20.12,"Manufactured Fuels","All"
"Highland",2019,3474.536,"Petroleum Products","All"
"Highland",2019,1476.515,"Electricity","All"
"Highland",2020,1144.31,"Gas","All"
"Highland",2020,54.704,"Coal","All"
"Highland",2020,3012.625,"Petroleum Products","All"
"Highland",2020,19.535,"Manufactured Fuels","All"
"Highland",2020,1218.534,"Bioenergy & Wastes","All"
"Highland",2020,1397.66,"Electricity","All"
"Inverclyde",2015,345.489,"Electricity","All"
"Inverclyde",2015,0.546,"Coal","All"
"Inverclyde",2015,464.331,"Petroleum Products","All"
"Inverclyde",2015,16.277,"Bioenergy & Wastes","All"
"Inverclyde",2015,1.556,"Manufactured Fuels","All"
"Inverclyde",2015,646.714,"Gas","All"
"Inverclyde",2016,0.576,"Coal","All"
"Inverclyde",2016,456.023,"Petroleum Products","All"
"Inverclyde",2016,317.231,"Electricity","All"
"Inverclyde",2016,16.58,"Bioenergy & Wastes","All"
"Inverclyde",2016,633.248,"Gas","All"
"Inverclyde",2016,1.318,"Manufactured Fuels","All"
"Inverclyde",2017,671.238,"Gas","All"
"Inverclyde",2017,16.651,"Bioenergy & Wastes","All"
"Inverclyde",2017,1.523,"Manufactured Fuels","All"
"Inverclyde",2017,458.879,"Petroleum Products","All"
"Inverclyde",2017,0.549,"Coal","All"
"Inverclyde",2017,313.958,"Electricity","All"
"Inverclyde",2018,21.018,"Bioenergy & Wastes","All"
"Inverclyde",2018,450.2,"Petroleum Products","All"
"Inverclyde",2018,641.769,"Gas","All"
"Inverclyde",2018,301.368,"Electricity","All"
"Inverclyde",2018,1.581,"Manufactured Fuels","All"
"Inverclyde",2018,0.536,"Coal","All"
"Inverclyde",2019,1.664,"Manufactured Fuels","All"
"Inverclyde",2019,641.771,"Gas","All"
"Inverclyde",2019,436.062,"Petroleum Products","All"
"Inverclyde",2019,25.487,"Bioenergy & Wastes","All"
"Inverclyde",2019,293.605,"Electricity","All"
"Inverclyde",2019,0.477,"Coal","All"
"Inverclyde",2020,282.443,"Electricity","All"
"Inverclyde",2020,1.666,"Manufactured Fuels","All"
"Inverclyde",2020,364.609,"Petroleum Products","All"
"Inverclyde",2020,0.463,"Coal","All"
"Inverclyde",2020,25.258,"Bioenergy & Wastes","All"
"Inverclyde",2020,794.634,"Gas","All"
"Midlothian",2015,2.914,"Manufactured Fuels","All"
"Midlothian",2015,629.01,"Petroleum Products","All"
"Midlothian",2015,633.387,"Gas","All"
"Midlothian",2015,358.683,"Electricity","All"
"Midlothian",2015,34.004,"Bioenergy & Wastes","All"
"Midlothian",2015,15.593,"Coal","All"
"Midlothian",2016,36.248,"Bioenergy & Wastes","All"
"Midlothian",2016,2.836,"Manufactured Fuels","All"
"Midlothian",2016,670.252,"Petroleum Products","All"
"Midlothian",2016,13.121,"Coal","All"
"Midlothian",2016,348.024,"Electricity","All"
"Midlothian",2016,662.592,"Gas","All"
"Midlothian",2017,350.704,"Electricity","All"
"Midlothian",2017,3.172,"Manufactured Fuels","All"
"Midlothian",2017,681.891,"Gas","All"
"Midlothian",2017,12.046,"Coal","All"
"Midlothian",2017,660.863,"Petroleum Products","All"
"Midlothian",2017,43.383,"Bioenergy & Wastes","All"
"Midlothian",2018,346.235,"Electricity","All"
"Midlothian",2018,3.287,"Manufactured Fuels","All"
"Midlothian",2018,676.535,"Gas","All"
"Midlothian",2018,56.3,"Bioenergy & Wastes","All"
"Midlothian",2018,656.46,"Petroleum Products","All"
"Midlothian",2018,11.473,"Coal","All"
"Midlothian",2019,339.297,"Electricity","All"
"Midlothian",2019,62.901,"Bioenergy & Wastes","All"
"Midlothian",2019,692.733,"Gas","All"
"Midlothian",2019,3.446,"Manufactured Fuels","All"
"Midlothian",2019,655.943,"Petroleum Products","All"
"Midlothian",2019,8.415,"Coal","All"
"Midlothian",2020,691.329,"Gas","All"
"Midlothian",2020,8.262,"Coal","All"
"Midlothian",2020,333.193,"Electricity","All"
"Midlothian",2020,529.267,"Petroleum Products","All"
"Midlothian",2020,69.413,"Bioenergy & Wastes","All"
"Midlothian",2020,3.302,"Manufactured Fuels","All"
"Moray",2015,1850.643,"Gas","All"
"Moray",2015,12.6,"Coal","All"
"Moray",2015,77.107,"Bioenergy & Wastes","All"
"Moray",2015,922.924,"Petroleum Products","All"
"Moray",2015,515.803,"Electricity","All"
"Moray",2015,5.702,"Manufactured Fuels","All"
"Moray",2016,930.75,"Petroleum Products","All"
"Moray",2016,103.269,"Bioenergy & Wastes","All"
"Moray",2016,5.571,"Manufactured Fuels","All"
"Moray",2016,23.234,"Coal","All"
"Moray",2016,1848.991,"Gas","All"
"Moray",2016,495.535,"Electricity","All"
"Moray",2017,88.549,"Bioenergy & Wastes","All"
"Moray",2017,1810.515,"Gas","All"
"Moray",2017,951.803,"Petroleum Products","All"
"Moray",2017,494.608,"Electricity","All"
"Moray",2017,24.307,"Coal","All"
"Moray",2017,6.171,"Manufactured Fuels","All"
"Moray",2018,6.365,"Manufactured Fuels","All"
"Moray",2018,60.93,"Bioenergy & Wastes","All"
"Moray",2018,1880.513,"Gas","All"
"Moray",2018,22.46,"Coal","All"
"Moray",2018,485.632,"Electricity","All"
"Moray",2018,961.476,"Petroleum Products","All"
"Moray",2019,122.292,"Bioenergy & Wastes","All"
"Moray",2019,6.528,"Manufactured Fuels","All"
"Moray",2019,1847.185,"Gas","All"
"Moray",2019,12.732,"Coal","All"
"Moray",2019,1016.655,"Petroleum Products","All"
"Moray",2019,474.866,"Electricity","All"
"Moray",2020,6.274,"Manufactured Fuels","All"
"Moray",2020,913.691,"Petroleum Products","All"
"Moray",2020,14.844,"Coal","All"
"Moray",2020,1738.007,"Gas","All"
"Moray",2020,461.918,"Electricity","All"
"Moray",2020,150.02,"Bioenergy & Wastes","All"
"Na h-Eileanan Siar",2015,388.755,"Petroleum Products","All"
"Na h-Eileanan Siar",2015,2.827,"Manufactured Fuels","All"
"Na h-Eileanan Siar",2015,0,"Gas","All"
"Na h-Eileanan Siar",2015,22.614,"Bioenergy & Wastes","All"
"Na h-Eileanan Siar",2015,16.091,"Coal","All"
"Na h-Eileanan Siar",2015,154.676,"Electricity","All"
"Na h-Eileanan Siar",2016,2.768,"Manufactured Fuels","All"
"Na h-Eileanan Siar",2016,23.649,"Bioenergy & Wastes","All"
"Na h-Eileanan Siar",2016,14.542,"Coal","All"
"Na h-Eileanan Siar",2016,15.146,"Gas","All"
"Na h-Eileanan Siar",2016,394.901,"Petroleum Products","All"
"Na h-Eileanan Siar",2016,150.033,"Electricity","All"
"Na h-Eileanan Siar",2017,157.546,"Electricity","All"
"Na h-Eileanan Siar",2017,13.304,"Coal","All"
"Na h-Eileanan Siar",2017,22.708,"Gas","All"
"Na h-Eileanan Siar",2017,3.048,"Manufactured Fuels","All"
"Na h-Eileanan Siar",2017,377.53,"Petroleum Products","All"
"Na h-Eileanan Siar",2017,30.812,"Bioenergy & Wastes","All"
"Na h-Eileanan Siar",2018,381.817,"Petroleum Products","All"
"Na h-Eileanan Siar",2018,152.195,"Electricity","All"
"Na h-Eileanan Siar",2018,23.632,"Gas","All"
"Na h-Eileanan Siar",2018,3.135,"Manufactured Fuels","All"
"Na h-Eileanan Siar",2018,39.75,"Bioenergy & Wastes","All"
"Na h-Eileanan Siar",2018,12.595,"Coal","All"
"Na h-Eileanan Siar",2019,153.388,"Electricity","All"
"Na h-Eileanan Siar",2019,41.332,"Bioenergy & Wastes","All"
"Na h-Eileanan Siar",2019,366.632,"Petroleum Products","All"
"Na h-Eileanan Siar",2019,9.086,"Coal","All"
"Na h-Eileanan Siar",2019,22.925,"Gas","All"
"Na h-Eileanan Siar",2019,3.17,"Manufactured Fuels","All"
"Na h-Eileanan Siar",2020,3.052,"Manufactured Fuels","All"
"Na h-Eileanan Siar",2020,49.428,"Bioenergy & Wastes","All"
"Na h-Eileanan Siar",2020,9.098,"Coal","All"
"Na h-Eileanan Siar",2020,342.503,"Petroleum Products","All"
"Na h-Eileanan Siar",2020,147.854,"Electricity","All"
"Na h-Eileanan Siar",2020,24.743,"Gas","All"
"North Ayrshire",2015,2.978,"Coal","All"
"North Ayrshire",2015,714.01,"Electricity","All"
"North Ayrshire",2015,1535.145,"Bioenergy & Wastes","All"
"North Ayrshire",2015,3.592,"Manufactured Fuels","All"
"North Ayrshire",2015,802.727,"Petroleum Products","All"
"North Ayrshire",2015,2193.134,"Gas","All"
"North Ayrshire",2016,2247.564,"Gas","All"
"North Ayrshire",2016,4.175,"Coal","All"
"North Ayrshire",2016,1575.645,"Bioenergy & Wastes","All"
"North Ayrshire",2016,798.549,"Petroleum Products","All"
"North Ayrshire",2016,3.124,"Manufactured Fuels","All"
"North Ayrshire",2016,660.905,"Electricity","All"
"North Ayrshire",2017,816.25,"Petroleum Products","All"
"North Ayrshire",2017,2205.087,"Gas","All"
"North Ayrshire",2017,1543.833,"Bioenergy & Wastes","All"
"North Ayrshire",2017,4.048,"Coal","All"
"North Ayrshire",2017,684.227,"Electricity","All"
"North Ayrshire",2017,3.561,"Manufactured Fuels","All"
"North Ayrshire",2018,1386.68,"Bioenergy & Wastes","All"
"North Ayrshire",2018,2209.358,"Gas","All"
"North Ayrshire",2018,3.687,"Manufactured Fuels","All"
"North Ayrshire",2018,656.646,"Electricity","All"
"North Ayrshire",2018,806.551,"Petroleum Products","All"
"North Ayrshire",2018,3.865,"Coal","All"
"North Ayrshire",2019,2217.444,"Gas","All"
"North Ayrshire",2019,1469.305,"Bioenergy & Wastes","All"
"North Ayrshire",2019,3.816,"Manufactured Fuels","All"
"North Ayrshire",2019,662.166,"Electricity","All"
"North Ayrshire",2019,2.37,"Coal","All"
"North Ayrshire",2019,781.067,"Petroleum Products","All"
"North Ayrshire",2020,2.502,"Coal","All"
"North Ayrshire",2020,596.79,"Electricity","All"
"North Ayrshire",2020,655.809,"Petroleum Products","All"
"North Ayrshire",2020,3.798,"Manufactured Fuels","All"
"North Ayrshire",2020,2239.602,"Gas","All"
"North Ayrshire",2020,1414.786,"Bioenergy & Wastes","All"
"North Lanarkshire",2015,2993.219,"Gas","All"
"North Lanarkshire",2015,3029.295,"Petroleum Products","All"
"North Lanarkshire",2015,96.828,"Bioenergy & Wastes","All"
"North Lanarkshire",2015,4.132,"Coal","All"
"North Lanarkshire",2015,38.716,"Manufactured Fuels","All"
"North Lanarkshire",2015,1400.028,"Electricity","All"
"North Lanarkshire",2016,1337.146,"Electricity","All"
"North Lanarkshire",2016,18.962,"Manufactured Fuels","All"
"North Lanarkshire",2016,4.047,"Coal","All"
"North Lanarkshire",2016,3033.893,"Petroleum Products","All"
"North Lanarkshire",2016,2836.808,"Gas","All"
"North Lanarkshire",2016,100.148,"Bioenergy & Wastes","All"
"North Lanarkshire",2017,3173.912,"Petroleum Products","All"
"North Lanarkshire",2017,3.829,"Coal","All"
"North Lanarkshire",2017,24.362,"Manufactured Fuels","All"
"North Lanarkshire",2017,2910.874,"Gas","All"
"North Lanarkshire",2017,1336.869,"Electricity","All"
"North Lanarkshire",2017,103.501,"Bioenergy & Wastes","All"
"North Lanarkshire",2018,144.514,"Bioenergy & Wastes","All"
"North Lanarkshire",2018,2950.668,"Gas","All"
"North Lanarkshire",2018,3.732,"Coal","All"
"North Lanarkshire",2018,1313.585,"Electricity","All"
"North Lanarkshire",2018,3384.664,"Petroleum Products","All"
"North Lanarkshire",2018,24.479,"Manufactured Fuels","All"
"North Lanarkshire",2019,180.931,"Bioenergy & Wastes","All"
"North Lanarkshire",2019,3.368,"Coal","All"
"North Lanarkshire",2019,3278.297,"Petroleum Products","All"
"North Lanarkshire",2019,1295.333,"Electricity","All"
"North Lanarkshire",2019,22.069,"Manufactured Fuels","All"
"North Lanarkshire",2019,2882.874,"Gas","All"
"North Lanarkshire",2020,3061.071,"Gas","All"
"North Lanarkshire",2020,3.283,"Coal","All"
"North Lanarkshire",2020,1260.8,"Electricity","All"
"North Lanarkshire",2020,28.925,"Manufactured Fuels","All"
"North Lanarkshire",2020,176.925,"Bioenergy & Wastes","All"
"North Lanarkshire",2020,2689.436,"Petroleum Products","All"
"Orkney Islands",2015,10.818,"Bioenergy & Wastes","All"
"Orkney Islands",2015,339.965,"Petroleum Products","All"
"Orkney Islands",2015,6.224,"Coal","All"
"Orkney Islands",2015,0,"Gas","All"
"Orkney Islands",2015,141.741,"Electricity","All"
"Orkney Islands",2015,2.246,"Manufactured Fuels","All"
"Orkney Islands",2016,0,"Gas","All"
"Orkney Islands",2016,2.198,"Manufactured Fuels","All"
"Orkney Islands",2016,134.114,"Electricity","All"
"Orkney Islands",2016,7.194,"Coal","All"
"Orkney Islands",2016,350.331,"Petroleum Products","All"
"Orkney Islands",2016,11.616,"Bioenergy & Wastes","All"
"Orkney Islands",2017,0,"Gas","All"
"Orkney Islands",2017,2.424,"Manufactured Fuels","All"
"Orkney Islands",2017,138.948,"Electricity","All"
"Orkney Islands",2017,7.388,"Coal","All"
"Orkney Islands",2017,349.996,"Petroleum Products","All"
"Orkney Islands",2017,13.444,"Bioenergy & Wastes","All"
"Orkney Islands",2018,0,"Gas","All"
"Orkney Islands",2018,351.802,"Petroleum Products","All"
"Orkney Islands",2018,2.494,"Manufactured Fuels","All"
"Orkney Islands",2018,16.813,"Bioenergy & Wastes","All"
"Orkney Islands",2018,137.649,"Electricity","All"
"Orkney Islands",2018,7.137,"Coal","All"
"Orkney Islands",2019,4.988,"Coal","All"
"Orkney Islands",2019,0,"Gas","All"
"Orkney Islands",2019,2.529,"Manufactured Fuels","All"
"Orkney Islands",2019,18.52,"Bioenergy & Wastes","All"
"Orkney Islands",2019,140.287,"Electricity","All"
"Orkney Islands",2019,342.808,"Petroleum Products","All"
"Orkney Islands",2020,137.259,"Electricity","All"
"Orkney Islands",2020,2.434,"Manufactured Fuels","All"
"Orkney Islands",2020,323.5,"Petroleum Products","All"
"Orkney Islands",2020,20.261,"Bioenergy & Wastes","All"
"Orkney Islands",2020,5.208,"Coal","All"
"Orkney Islands",2020,0,"Gas","All"
"Perth and Kinross",2015,2563.393,"Petroleum Products","All"
"Perth and Kinross",2015,1005.615,"Gas","All"
"Perth and Kinross",2015,7.722,"Manufactured Fuels","All"
"Perth and Kinross",2015,12.977,"Coal","All"
"Perth and Kinross",2015,747.98,"Electricity","All"
"Perth and Kinross",2015,76.933,"Bioenergy & Wastes","All"
"Perth and Kinross",2016,20.463,"Coal","All"
"Perth and Kinross",2016,1003.398,"Gas","All"
"Perth and Kinross",2016,7.547,"Manufactured Fuels","All"
"Perth and Kinross",2016,80.422,"Bioenergy & Wastes","All"
"Perth and Kinross",2016,727.801,"Electricity","All"
"Perth and Kinross",2016,2595.403,"Petroleum Products","All"
"Perth and Kinross",2017,745.256,"Electricity","All"
"Perth and Kinross",2017,85.854,"Bioenergy & Wastes","All"
"Perth and Kinross",2017,20.709,"Coal","All"
"Perth and Kinross",2017,1044.719,"Gas","All"
"Perth and Kinross",2017,8.352,"Manufactured Fuels","All"
"Perth and Kinross",2017,2704.176,"Petroleum Products","All"
"Perth and Kinross",2018,1033.115,"Gas","All"
"Perth and Kinross",2018,8.61,"Manufactured Fuels","All"
"Perth and Kinross",2018,19.343,"Coal","All"
"Perth and Kinross",2018,2654.783,"Petroleum Products","All"
"Perth and Kinross",2018,729.18,"Electricity","All"
"Perth and Kinross",2018,113.953,"Bioenergy & Wastes","All"
"Perth and Kinross",2019,1026.798,"Gas","All"
"Perth and Kinross",2019,8.811,"Manufactured Fuels","All"
"Perth and Kinross",2019,140.8,"Bioenergy & Wastes","All"
"Perth and Kinross",2019,11.528,"Coal","All"
"Perth and Kinross",2019,2582.045,"Petroleum Products","All"
"Perth and Kinross",2019,709.864,"Electricity","All"
"Perth and Kinross",2020,136.139,"Bioenergy & Wastes","All"
"Perth and Kinross",2020,12.883,"Coal","All"
"Perth and Kinross",2020,1036.853,"Gas","All"
"Perth and Kinross",2020,673.185,"Electricity","All"
"Perth and Kinross",2020,8.47,"Manufactured Fuels","All"
"Perth and Kinross",2020,2083.51,"Petroleum Products","All"
"Renfrewshire",2015,36.17,"Bioenergy & Wastes","All"
"Renfrewshire",2015,1324.787,"Petroleum Products","All"
"Renfrewshire",2015,1.535,"Manufactured Fuels","All"
"Renfrewshire",2015,801.981,"Electricity","All"
"Renfrewshire",2015,0.879,"Coal","All"
"Renfrewshire",2015,1549.877,"Gas","All"
"Renfrewshire",2016,1570.527,"Gas","All"
"Renfrewshire",2016,770.291,"Electricity","All"
"Renfrewshire",2016,36.43,"Bioenergy & Wastes","All"
"Renfrewshire",2016,1.491,"Manufactured Fuels","All"
"Renfrewshire",2016,0.869,"Coal","All"
"Renfrewshire",2016,1312.048,"Petroleum Products","All"
"Renfrewshire",2017,772.197,"Electricity","All"
"Renfrewshire",2017,0.824,"Coal","All"
"Renfrewshire",2017,1354.442,"Petroleum Products","All"
"Renfrewshire",2017,37.047,"Bioenergy & Wastes","All"
"Renfrewshire",2017,1.678,"Manufactured Fuels","All"
"Renfrewshire",2017,1602.374,"Gas","All"
"Renfrewshire",2018,754.497,"Electricity","All"
"Renfrewshire",2018,0.809,"Coal","All"
"Renfrewshire",2018,49.909,"Bioenergy & Wastes","All"
"Renfrewshire",2018,1582.511,"Gas","All"
"Renfrewshire",2018,1361.696,"Petroleum Products","All"
"Renfrewshire",2018,1.745,"Manufactured Fuels","All"
"Renfrewshire",2019,1.857,"Manufactured Fuels","All"
"Renfrewshire",2019,1349.58,"Petroleum Products","All"
"Renfrewshire",2019,64.063,"Bioenergy & Wastes","All"
"Renfrewshire",2019,0.759,"Coal","All"
"Renfrewshire",2019,744.255,"Electricity","All"
"Renfrewshire",2019,1586.203,"Gas","All"
"Renfrewshire",2020,61.592,"Bioenergy & Wastes","All"
"Renfrewshire",2020,1612.344,"Gas","All"
"Renfrewshire",2020,681.148,"Electricity","All"
"Renfrewshire",2020,1.776,"Manufactured Fuels","All"
"Renfrewshire",2020,1098.563,"Petroleum Products","All"
"Renfrewshire",2020,0.725,"Coal","All"
"Scottish Borders",2015,588.666,"Electricity","All"
"Scottish Borders",2015,6.844,"Manufactured Fuels","All"
"Scottish Borders",2015,1572.882,"Petroleum Products","All"
"Scottish Borders",2015,89.809,"Coal","All"
"Scottish Borders",2015,754.469,"Gas","All"
"Scottish Borders",2015,116.022,"Bioenergy & Wastes","All"
"Scottish Borders",2016,1565.669,"Petroleum Products","All"
"Scottish Borders",2016,6.546,"Manufactured Fuels","All"
"Scottish Borders",2016,118.048,"Bioenergy & Wastes","All"
"Scottish Borders",2016,797.132,"Gas","All"
"Scottish Borders",2016,75.754,"Coal","All"
"Scottish Borders",2016,564.801,"Electricity","All"
"Scottish Borders",2017,1610.767,"Petroleum Products","All"
"Scottish Borders",2017,168.037,"Bioenergy & Wastes","All"
"Scottish Borders",2017,7.255,"Manufactured Fuels","All"
"Scottish Borders",2017,812.358,"Gas","All"
"Scottish Borders",2017,67.419,"Coal","All"
"Scottish Borders",2017,574.464,"Electricity","All"
"Scottish Borders",2018,559.141,"Electricity","All"
"Scottish Borders",2018,222.319,"Bioenergy & Wastes","All"
"Scottish Borders",2018,7.469,"Manufactured Fuels","All"
"Scottish Borders",2018,1614.522,"Petroleum Products","All"
"Scottish Borders",2018,789.772,"Gas","All"
"Scottish Borders",2018,63.12,"Coal","All"
"Scottish Borders",2019,1563.115,"Petroleum Products","All"
"Scottish Borders",2019,7.584,"Manufactured Fuels","All"
"Scottish Borders",2019,786.436,"Gas","All"
"Scottish Borders",2019,544.497,"Electricity","All"
"Scottish Borders",2019,228.463,"Bioenergy & Wastes","All"
"Scottish Borders",2019,44.272,"Coal","All"
"Scottish Borders",2020,1328.756,"Petroleum Products","All"
"Scottish Borders",2020,519.01,"Electricity","All"
"Scottish Borders",2020,43.992,"Coal","All"
"Scottish Borders",2020,802.864,"Gas","All"
"Scottish Borders",2020,7.352,"Manufactured Fuels","All"
"Scottish Borders",2020,280.169,"Bioenergy & Wastes","All"
"Shetland Islands",2015,0,"Gas","All"
"Shetland Islands",2015,9.892,"Coal","All"
"Shetland Islands",2015,202.108,"Electricity","All"
"Shetland Islands",2015,15.062,"Bioenergy & Wastes","All"
"Shetland Islands",2015,355.074,"Petroleum Products","All"
"Shetland Islands",2015,2.434,"Manufactured Fuels","All"
"Shetland Islands",2016,8.664,"Coal","All"
"Shetland Islands",2016,0,"Gas","All"
"Shetland Islands",2016,363.169,"Petroleum Products","All"
"Shetland Islands",2016,2.233,"Manufactured Fuels","All"
"Shetland Islands",2016,189.686,"Electricity","All"
"Shetland Islands",2016,15.89,"Bioenergy & Wastes","All"
"Shetland Islands",2017,2.457,"Manufactured Fuels","All"
"Shetland Islands",2017,0,"Gas","All"
"Shetland Islands",2017,367.585,"Petroleum Products","All"
"Shetland Islands",2017,8.127,"Coal","All"
"Shetland Islands",2017,19.758,"Bioenergy & Wastes","All"
"Shetland Islands",2017,191.785,"Electricity","All"
"Shetland Islands",2018,2.527,"Manufactured Fuels","All"
"Shetland Islands",2018,0,"Gas","All"
"Shetland Islands",2018,369.268,"Petroleum Products","All"
"Shetland Islands",2018,183.567,"Electricity","All"
"Shetland Islands",2018,25.349,"Bioenergy & Wastes","All"
"Shetland Islands",2018,7.836,"Coal","All"
"Shetland Islands",2019,0,"Gas","All"
"Shetland Islands",2019,356.371,"Petroleum Products","All"
"Shetland Islands",2019,5.946,"Coal","All"
"Shetland Islands",2019,179.84,"Electricity","All"
"Shetland Islands",2019,27.321,"Bioenergy & Wastes","All"
"Shetland Islands",2019,2.542,"Manufactured Fuels","All"
"Shetland Islands",2020,5.881,"Coal","All"
"Shetland Islands",2020,328.35,"Petroleum Products","All"
"Shetland Islands",2020,2.508,"Manufactured Fuels","All"
"Shetland Islands",2020,31.296,"Bioenergy & Wastes","All"
"Shetland Islands",2020,0,"Gas","All"
"Shetland Islands",2020,176.359,"Electricity","All"
"South Ayrshire",2015,504.878,"Electricity","All"
"South Ayrshire",2015,1304.847,"Gas","All"
"South Ayrshire",2015,1098.128,"Petroleum Products","All"
"South Ayrshire",2015,6.138,"Coal","All"
"South Ayrshire",2015,6.506,"Manufactured Fuels","All"
"South Ayrshire",2015,33.021,"Bioenergy & Wastes","All"
"South Ayrshire",2016,4.817,"Manufactured Fuels","All"
"South Ayrshire",2016,5.412,"Coal","All"
"South Ayrshire",2016,34.779,"Bioenergy & Wastes","All"
"South Ayrshire",2016,1117.864,"Petroleum Products","All"
"South Ayrshire",2016,1279.523,"Gas","All"
"South Ayrshire",2016,477.877,"Electricity","All"
"South Ayrshire",2017,5.589,"Manufactured Fuels","All"
"South Ayrshire",2017,35.522,"Bioenergy & Wastes","All"
"South Ayrshire",2017,4.517,"Coal","All"
"South Ayrshire",2017,1154.786,"Petroleum Products","All"
"South Ayrshire",2017,481.05,"Electricity","All"
"South Ayrshire",2017,1282.925,"Gas","All"
"South Ayrshire",2018,45.46,"Bioenergy & Wastes","All"
"South Ayrshire",2018,5.75,"Manufactured Fuels","All"
"South Ayrshire",2018,4.489,"Coal","All"
"South Ayrshire",2018,1153.369,"Gas","All"
"South Ayrshire",2018,472.6,"Electricity","All"
"South Ayrshire",2018,1113.376,"Petroleum Products","All"
"South Ayrshire",2019,460.867,"Electricity","All"
"South Ayrshire",2019,1271.917,"Gas","All"
"South Ayrshire",2019,3.322,"Coal","All"
"South Ayrshire",2019,1092.019,"Petroleum Products","All"
"South Ayrshire",2019,5.706,"Manufactured Fuels","All"
"South Ayrshire",2019,56.029,"Bioenergy & Wastes","All"
"South Ayrshire",2020,430.488,"Electricity","All"
"South Ayrshire",2020,1301.429,"Gas","All"
"South Ayrshire",2020,53.623,"Bioenergy & Wastes","All"
"South Ayrshire",2020,6.074,"Manufactured Fuels","All"
"South Ayrshire",2020,909.875,"Petroleum Products","All"
"South Ayrshire",2020,3.001,"Coal","All"
"South Lanarkshire",2015,1267.468,"Electricity","All"
"South Lanarkshire",2015,22.346,"Coal","All"
"South Lanarkshire",2015,15.4,"Manufactured Fuels","All"
"South Lanarkshire",2015,2444.086,"Gas","All"
"South Lanarkshire",2015,97.37,"Bioenergy & Wastes","All"
"South Lanarkshire",2015,2922.693,"Petroleum Products","All"
"South Lanarkshire",2016,10.31,"Manufactured Fuels","All"
"South Lanarkshire",2016,2418.812,"Gas","All"
"South Lanarkshire",2016,101.351,"Bioenergy & Wastes","All"
"South Lanarkshire",2016,2964.027,"Petroleum Products","All"
"South Lanarkshire",2016,1166.523,"Electricity","All"
"South Lanarkshire",2016,19.029,"Coal","All"
"South Lanarkshire",2017,3116.837,"Petroleum Products","All"
"South Lanarkshire",2017,2488.123,"Gas","All"
"South Lanarkshire",2017,12.339,"Manufactured Fuels","All"
"South Lanarkshire",2017,17.163,"Coal","All"
"South Lanarkshire",2017,114.366,"Bioenergy & Wastes","All"
"South Lanarkshire",2017,1176.433,"Electricity","All"
"South Lanarkshire",2018,154.337,"Bioenergy & Wastes","All"
"South Lanarkshire",2018,16.279,"Coal","All"
"South Lanarkshire",2018,12.456,"Manufactured Fuels","All"
"South Lanarkshire",2018,2498.694,"Gas","All"
"South Lanarkshire",2018,1139.185,"Electricity","All"
"South Lanarkshire",2018,3086.464,"Petroleum Products","All"
"South Lanarkshire",2019,12.329,"Coal","All"
"South Lanarkshire",2019,12.116,"Manufactured Fuels","All"
"South Lanarkshire",2019,187.329,"Bioenergy & Wastes","All"
"South Lanarkshire",2019,2485.814,"Gas","All"
"South Lanarkshire",2019,1120.708,"Electricity","All"
"South Lanarkshire",2019,3004.174,"Petroleum Products","All"
"South Lanarkshire",2020,2469.594,"Petroleum Products","All"
"South Lanarkshire",2020,193.589,"Bioenergy & Wastes","All"
"South Lanarkshire",2020,13.732,"Manufactured Fuels","All"
"South Lanarkshire",2020,1081.584,"Electricity","All"
"South Lanarkshire",2020,12.105,"Coal","All"
"South Lanarkshire",2020,2547.771,"Gas","All"
"Stirling",2015,1172.896,"Petroleum Products","All"
"Stirling",2015,1219.714,"Gas","All"
"Stirling",2015,474.865,"Electricity","All"
"Stirling",2015,4.984,"Manufactured Fuels","All"
"Stirling",2015,5.762,"Coal","All"
"Stirling",2015,622.848,"Bioenergy & Wastes","All"
"Stirling",2016,1255.196,"Gas","All"
"Stirling",2016,1194.616,"Petroleum Products","All"
"Stirling",2016,6.154,"Coal","All"
"Stirling",2016,474.032,"Electricity","All"
"Stirling",2016,4.343,"Manufactured Fuels","All"
"Stirling",2016,639.576,"Bioenergy & Wastes","All"
"Stirling",2017,6.002,"Coal","All"
"Stirling",2017,762.819,"Bioenergy & Wastes","All"
"Stirling",2017,459.605,"Electricity","All"
"Stirling",2017,4.802,"Manufactured Fuels","All"
"Stirling",2017,1226.451,"Gas","All"
"Stirling",2017,1222.605,"Petroleum Products","All"
"Stirling",2018,1216.297,"Gas","All"
"Stirling",2018,1247.599,"Petroleum Products","All"
"Stirling",2018,462.278,"Electricity","All"
"Stirling",2018,5.73,"Coal","All"
"Stirling",2018,779.102,"Bioenergy & Wastes","All"
"Stirling",2018,4.951,"Manufactured Fuels","All"
"Stirling",2019,5.019,"Manufactured Fuels","All"
"Stirling",2019,4.299,"Coal","All"
"Stirling",2019,1195.434,"Gas","All"
"Stirling",2019,776.444,"Bioenergy & Wastes","All"
"Stirling",2019,443.533,"Electricity","All"
"Stirling",2019,1221.226,"Petroleum Products","All"
"Stirling",2020,747.472,"Bioenergy & Wastes","All"
"Stirling",2020,947.392,"Petroleum Products","All"
"Stirling",2020,426.794,"Electricity","All"
"Stirling",2020,1217.572,"Gas","All"
"Stirling",2020,4.413,"Coal","All"
"Stirling",2020,5.037,"Manufactured Fuels","All"
"West Dunbartonshire",2015,742.978,"Gas","All"
"West Dunbartonshire",2015,578.406,"Petroleum Products","All"
"West Dunbartonshire",2015,0.195,"Coal","All"
"West Dunbartonshire",2015,357.345,"Electricity","All"
"West Dunbartonshire",2015,0.648,"Manufactured Fuels","All"
"West Dunbartonshire",2015,15.828,"Bioenergy & Wastes","All"
"West Dunbartonshire",2016,714.864,"Gas","All"
"West Dunbartonshire",2016,0.481,"Manufactured Fuels","All"
"West Dunbartonshire",2016,573.914,"Petroleum Products","All"
"West Dunbartonshire",2016,15.909,"Bioenergy & Wastes","All"
"West Dunbartonshire",2016,0.194,"Coal","All"
"West Dunbartonshire",2016,339.762,"Electricity","All"
"West Dunbartonshire",2017,0.184,"Coal","All"
"West Dunbartonshire",2017,0.567,"Manufactured Fuels","All"
"West Dunbartonshire",2017,15.706,"Bioenergy & Wastes","All"
"West Dunbartonshire",2017,572.977,"Petroleum Products","All"
"West Dunbartonshire",2017,716.895,"Gas","All"
"West Dunbartonshire",2017,336.922,"Electricity","All"
"West Dunbartonshire",2018,324.465,"Electricity","All"
"West Dunbartonshire",2018,0.587,"Manufactured Fuels","All"
"West Dunbartonshire",2018,0.182,"Coal","All"
"West Dunbartonshire",2018,20.692,"Bioenergy & Wastes","All"
"West Dunbartonshire",2018,567.025,"Petroleum Products","All"
"West Dunbartonshire",2018,696.82,"Gas","All"
"West Dunbartonshire",2019,735.441,"Gas","All"
"West Dunbartonshire",2019,338.113,"Electricity","All"
"West Dunbartonshire",2019,26.138,"Bioenergy & Wastes","All"
"West Dunbartonshire",2019,553.218,"Petroleum Products","All"
"West Dunbartonshire",2019,0.602,"Manufactured Fuels","All"
"West Dunbartonshire",2019,0.169,"Coal","All"
"West Dunbartonshire",2020,448.095,"Petroleum Products","All"
"West Dunbartonshire",2020,322.332,"Electricity","All"
"West Dunbartonshire",2020,0.163,"Coal","All"
"West Dunbartonshire",2020,761.931,"Gas","All"
"West Dunbartonshire",2020,24.742,"Bioenergy & Wastes","All"
"West Dunbartonshire",2020,0.633,"Manufactured Fuels","All"
"West Lothian",2015,9.031,"Manufactured Fuels","All"
"West Lothian",2015,1616.296,"Petroleum Products","All"
"West Lothian",2015,49.732,"Bioenergy & Wastes","All"
"West Lothian",2015,2.147,"Coal","All"
"West Lothian",2015,1681.385,"Gas","All"
"West Lothian",2015,869.887,"Electricity","All"
"West Lothian",2016,52.051,"Bioenergy & Wastes","All"
"West Lothian",2016,6.05,"Manufactured Fuels","All"
"West Lothian",2016,3.653,"Coal","All"
"West Lothian",2016,1638.839,"Petroleum Products","All"
"West Lothian",2016,830.122,"Electricity","All"
"West Lothian",2016,1721.437,"Gas","All"
"West Lothian",2017,7.281,"Manufactured Fuels","All"
"West Lothian",2017,1680.635,"Petroleum Products","All"
"West Lothian",2017,1868.455,"Gas","All"
"West Lothian",2017,826.683,"Electricity","All"
"West Lothian",2017,52.809,"Bioenergy & Wastes","All"
"West Lothian",2017,3.783,"Coal","All"
"West Lothian",2018,799.411,"Electricity","All"
"West Lothian",2018,3.557,"Coal","All"
"West Lothian",2018,1694.553,"Petroleum Products","All"
"West Lothian",2018,7.336,"Manufactured Fuels","All"
"West Lothian",2018,1869.825,"Gas","All"
"West Lothian",2018,70.845,"Bioenergy & Wastes","All"
"West Lothian",2019,7.195,"Manufactured Fuels","All"
"West Lothian",2019,2.275,"Coal","All"
"West Lothian",2019,2168.363,"Gas","All"
"West Lothian",2019,778.297,"Electricity","All"
"West Lothian",2019,89.613,"Bioenergy & Wastes","All"
"West Lothian",2019,1657.624,"Petroleum Products","All"
"West Lothian",2020,86.548,"Bioenergy & Wastes","All"
"West Lothian",2020,8.16,"Manufactured Fuels","All"
"West Lothian",2020,735.218,"Electricity","All"
"West Lothian",2020,1347.124,"Petroleum Products","All"
"West Lothian",2020,1798.286,"Gas","All"
"West Lothian",2020,2.487,"Coal","All"
